{
    "accuracy": 0.7679205110007097,
    "precision": 0.5482546201232033,
    "recall": 0.713903743315508,
    "f1": 0.6202090592334495,
    "auc": 0.8379033299749413
}